id;jhi_from;jhi_to;phone_number;motivation
1;2020-03-22T01:08:38;2020-03-22T05:11:20;parse Azerbaijan;../fake-data/blob/hipster.txt
2;2020-03-22T04:48:41;2020-03-22T04:00:22;Fantastic Steel Shirt Solomon Islands Dollar cross-platform;../fake-data/blob/hipster.txt
3;2020-03-22T13:51:30;2020-03-21T19:23:52;New Taiwan Dollar;../fake-data/blob/hipster.txt
4;2020-03-22T12:35:41;2020-03-22T04:38:17;methodologies magenta;../fake-data/blob/hipster.txt
5;2020-03-22T17:15:54;2020-03-22T03:18:16;Computers Interactions;../fake-data/blob/hipster.txt
6;2020-03-21T22:41:55;2020-03-22T15:20:56;benchmark synergistic;../fake-data/blob/hipster.txt
7;2020-03-21T21:14:40;2020-03-22T05:26:10;wireless;../fake-data/blob/hipster.txt
8;2020-03-22T07:29:47;2020-03-21T23:58:32;Lead parsing;../fake-data/blob/hipster.txt
9;2020-03-22T00:26:42;2020-03-22T08:33:51;Tasty Granite Car orchestration West Virginia;../fake-data/blob/hipster.txt
10;2020-03-22T00:44:14;2020-03-22T05:14:09;incentivize Product Samoa;../fake-data/blob/hipster.txt
